id,ジャンル,問題文,ア,イ,ウ,エ,正解,解説,
202501,ストラテジ,"A社がB社に作業の一部を請負契約で委託している。作業形態a〜cのうち,いわゆる偽装請負とみなされる状態だけを全て挙げたものはどれか。
a B社の従業員が,A社内において,A社の責任者の指揮命令の下で,請負契約で取り決めた作業を行っている。
b B社の従業員が,A社内において,B社の責任者の指揮命令の下で,請負契約で取り決めた作業を行っている。
c B社の従業員が,B社内において,A社の責任者の指揮命令の下で,請負契約で取り決めた作業を行っている。",a,"a,b","a,c","b,c",ウ,A社の責任者が直接指揮命令をしているaとcが偽装請負となる。,
202502,ストラテジ,"従来の情報セキュリティマネジメントシステム規格を基礎に追加で制定されたも
ので,クラウドサービスに対応した情報セキュリティ管理体制を構築するためのガイドライン規格として,最も適切なものはどれか。",ISO14001,JISQ15001,ISO/IEC27017,ISO9001,ウ,ISO/IEC27017は，従来のISO/IEC27001（情報セキュリティマネジメントシステム：ISMS）を基礎として，クラウドサービスに特化した情報セキュリティ管理策を追加したガイドライン規格である。,
202503,ストラテジ,"政府は,官民データ活用推進基本法に定められた“官民データ活用推進基本計画”を策定し,官民データの公開や活用の促進に取り組んでいる。次の組織体のうち,官民データを所有しているものだけを全て挙げたものはどれか。
a 県庁
b 大学
c 電力事業者
d 独立行政法人","a,b,c","a,b,c,d","a,b,d","a,c,d",イ,"大学は教育・研究に関するデータを大量に保持し，官民データ活用推進基本法の対象データが明確に存在するため，
選択肢の中では「大学」だけが確実に官民データを所有しているから。",
202504,ストラテジ,"投資の優先度などの経営の戦略を策定するために,経済価値,希少性,模倣困難性及び組織の四つの要素で評価することによって,自社のもつ資源を分析する手法として,最も適切なものはどれか。",４P,PPM,SWOT分析,VRIO分析,エ,"経済価値・希少性・模倣困難性・組織（Value,Rarity,Imitability,Organization）の4要素で自社資源を評価する手法はVRIO分析であり,競争優位の源泉を判断するために用いられる。",
202505,ストラテジ,"A社ではB商品の仕入れと販売を行っている。ある期のB商品の仕入単価は期首から上昇し続け,期末が最も高くなった。当該期の売上原価を“期首棚卸高+当期商品仕入高一期末棚卸高”で計算するとき,期末棚卸高の計算に期末の仕入単価を用いると,B商品の期末棚卸高及び売上原価は,期中の仕入単価の平均値を用いる場合に比べてどのようになるか。","期末棚卸高,売上原価ともに上がる。","期末棚卸高,売上原価ともに変わらない。","期末棚卸高は上がり,売上原価は下がる。","期末棚卸高は下がり,売上原価は上がる。",ウ,"仕入単価が期末に向かって上昇しているため,期末単価を用いると期中平均単価より高くなる。その結果,期末棚卸高は増加する。
売上原価は「期首棚卸高＋仕入高－期末棚卸高」で計算されるため,期末棚卸高が増える分,売上原価は減少する。",
202506,ストラテジ,"特定電子メール法は,電子メールによる一方的な広告宣伝メールの送信を規制する法律である。企業担当者が行った次の電子メールの送信事例のうち,特定電子メール法の規制対象となり得るものはどれか。","広告宣伝メールの受信を拒否する旨の意思表示がないことを確認したのち,公表されている企業のメールアドレス宛てに広告宣伝メールを送信した。","受信者から拒否通知があった場合には,それ以降の送信を禁止すればよいと考え,広告宣伝メールを送信した。","内容は事務連絡と料金請求なので問題ないと考え,受信者本人の同意なく,メールを送信した。","長年の取引関係にある企業担当者に対して,これまで納入してきた製品の新バージョンが完成したので,その製品に関する広告宣伝メールを送信した。",イ,"特定電子メール法では,原則として受信者の事前同意（オプトイン）がない広告宣伝メールの送信は禁止されている。",
202507,ストラテジ,"新しい概念やアイディアの実証を目的とした,開発の前段階における検証を表す用語はどれか。",CRM,PoC,RAS,SLA,イ,"PoC（Proof of Concept）は,新しい概念やアイディアが実現可能かを開発前段階で検証することを指す用語である。",
202508,ストラテジ,"AIの機械学習で利用するデータの取扱いに関する記述のうち, バイアスの低減や
データの品質を確保するために考えられる対策として, 適切なものだけを全て挙げたものはどれか。 
a　学習の目的に適したデータであることを確認する。 
b　データの入手元 作成来歴を確認する。 
c　データへのアノテーションの付与は学習目的に合わせて実施する。 
d　人間の目でも同定が困難と考えられる画像認識用のデータは除外する。","a,b","a,b,c,d","a,d","b,c,d",イ,"バイアス低減やデータ品質確保には,目的適合性の確認,入手元・来歴の確認,目的に合ったアノテーション,人間でも識別困難なデータの除外はいずれも有効な対策である。",
202509,ストラテジ,"ハッカソンに関する記述として,最も適切なものはどれか。","定められたルールの下,ある主題について,肯定派と否定派といった異なる立場に分かれて議論する。","情報セキュリティ分野で活躍したいという意志をもった若者が,合宿形式で情報セキュリティに関する実践的な知識を学ぶ。","プログラマーやデザイナーなどから成る複数の参加チームが,与えられたテーマに関するプロトタイプを短期間で作成し,その成果を発表して競い合う。","問題解決や利用者獲得などゲーム的な要素のない分野に,デジタル技術を活用したゲームの要素を取り入れることによって,利用者の参加を動機づける。",ウ,"ハッカソンは,プログラマーやデザイナーなどがチームを組み,短期間でテーマに沿ったプロトタイプを開発し,その成果を発表・競い合うイベントである。",
202510,ストラテジ,"生成AIにおいて,もっともらしいが事実とは異なる内容が出力されることを表す用語として,最も適切なものはどれか。",エコーチェンバー,シンギュラリティ,ディープフェイク,ハルシネーション,エ,生成AIがもっともらしいが事実ではない内容を出力する現象はハルシネーションと呼ばれる。,
202511,ストラテジ,"スマートファクトリーにおいても使用されている, FMS(Flexible Manufacturing System)に関する記述として,最も適切なものはどれか。","技術革新を効果的に自社の経営に取り入れることによって,企業の成長を図る。","生産工程の各段階で,原材料から完成製品までの資材の流れを適時・適量に管理する。","生産時に必要となる部品などを必要な分だけ供給することによって,生産リードタイムを短縮する。","複数の工作機械や産業用ロボットなどを有機的に結合し,生産プロセス全体を統括的に制御・管理する。",エ,"FMS（Flexible Manufacturing System）は,複数の工作機械や産業用ロボットなどを連携させ,全体を統合的に制御・管理する生産システムであり,多品種少量生産に柔軟に対応できる。",
202512,ストラテジ,商標法におけるサービスマークを説明したものはどれか。,"企業が,企業そのものを他社と区別するために表示する商標である。","製造業者,販売業者が提供する商品を,他社の商品と区別するために表示する商標である。","大規模小売業者が開発したプライベートブランドの商品を,他社の商品と区別するために表示する商標である。","輸送業者,金融業者などが提供する役務を,他社の役務と区別するために表示する商標である。",エ,"サービスマークは,商品ではなく,輸送業・金融業などが提供する役務（サービス）を他社と区別するための商標である。",
202513,ストラテジ,"新しいITソリューションの活用の是非を判断するために,そのITソリューションの提供者に,活用事例や技術情報などの提供を依頼する文書として,最も適切なものはどれか。",EDI,KPI,RFI,RFP,ウ,"RFI（Request For Information）は,新しいITソリューションの導入可否を判断するために,提供者へ事例や技術情報の提供を依頼する文書である。",
202514,ストラテジ,"事業,経営情報に知財情報を組み込んで分析し,現状の俯瞰や将来展望などの分析結果を事業責任者,経営者と共有し,事業戦略又は経営戦略に反映させることを表す用語として,最も適切なものはどれか。",CVC(Corporate Venture Capital),IPランドスケープ(Intellectual Property Landscape),MOT(Management of Technology),SWOT 分析,イ,"IPランドスケープは,事業・経営情報に特許などの知財情報を組み込んで分析し,その結果を経営層と共有して事業戦略・経営戦略に反映させる考え方・手法である。",
202515,ストラテジ,"事業運営における意思決定の迅速化,組織の独立採算の推進を目的とし,一つの企業の中に事業領域ごとに独立した組織を設置する組織形態はどれか。",カンパニー制組織,機能別組織,プロジェクト組織,マトリックス組織,ア,"カンパニー制組織は,企業内を事業領域ごとに分けて独立採算・迅速な意思決定を行えるようにした組織形態である。",
202516,ストラテジ,"他人の電子メールの利用者IDとパスワードの取扱いに関する記述のうち,不正アクセス禁止法で規制されている行為だけを全て挙げたものはどれか。
a 正当な理由なく本人に無断で第三者に提供する。
b 他人の電子メールの利用者IDとパスワードを無効にするマルウェアを作成する。
c 本人に無断で使用して,メールサーバ上の電子メールを閲覧する。","a,b,c","a,c","b,c",c,イ,"不正アクセス禁止法では,他人のID・パスワードを不正に利用・流通させる行為が規制対象となる。",
202517,ストラテジ,"プロセスマイニングに関する記述として,最も適切なものはどれか。","一連の業務で実際に遂行したシステムの操作ログなどを収集し,現行の業務プロセスの可視化,分析,モニタリングによって業務の課題を特定して改善を図る手法やツールである。","業務プロセスをそれまでの習慣などにとらわれず,抜本的に再構築して業務効率の改善を図る手法である。","コンタクトセンターへの問合せ内容やSNSの投稿内容の分析などの業務プロセスで用いられる,膨大な文章データから必要な情報を抽出して分析する手法である。","大量の計算処理で正しい値を算出する一連のプロセスを通じて,暗号資産を取得する手段である。",ア,"プロセスマイニングは,システムの操作ログなどの実データを基に実際の業務プロセスを可視化・分析・監視し,課題を発見して改善につなげる手法である。",
202518,ストラテジ,"ITにおけるアクセシビリティに関する記述として,最も適切なものはどれか。","高齢者や障害者などを含め,様々な能力や特性をもつ幅広い層の人が等しく利用できるように配慮したソフトウェア製品の設計","顧客データを基に顧客を識別し,コールセンターやインターネットなどの様々なチャネルを用いて顧客との関係を深める手法","製品,システム,サービスなどにおいて,それらを使用する場面をイメージしたり実際に利用したりすることで得られる人の感じ方や反応","特定のファイルやデータベースなどの情報資産に対し,参照や更新などの権限の認可や制限を確実にする手段",ア,"アクセシビリティとは,高齢者や障害者を含む多様な利用者が支障なくITを利用できるよう配慮する考え方である。",
202519,ストラテジ,"仮想環境を用いた技術であるAR又はVRの活用事例のうち,VRの活用事例として,最も適切なものはどれか。","顔を覆うように頭部にゴーグルを装着し,そのゴーグル内に投影された仮想空間に広がる火災や地震の映像を見ながら避難方法をイメージすることによって,防災訓練が行える。","家具をオンラインで購入するときに,スマートフォンのカメラを通して画面に映っている現実の自分の部屋に,購入したい家具をリアルタイムに重ねて試し置きできる。","史跡などにスマートフォンを向けることによって,昔あった建物の画像や説明情報が現実の風景と重なって画面に表示される。","図鑑にスマートフォンをかざすことによって,図鑑の絵や写真に重なって生物の動画が見られる。",ア,"VR（仮想現実）は,ゴーグルなどを用いて利用者が仮想空間の中に没入する体験を提供する技術である。",
202520,ストラテジ,"ソフトウェアライフサイクルを企画プロセス,要件定義プロセス,開発プロセス,保守プロセスに分けたとき,企画プロセスのシステム化構想の立案時にベンダー企業から収集する情報として,最も適切なものはどれか。",システム化計画に基づいた開発コストの見積り,システム化する業務の分野に関する情報技術動向,システム構築を進めるに当たっての発注元企業の役割,ベンダー企業の技術者が保有している技術資格,イ,"企画プロセスのシステム化構想立案では,具体的な見積りや体制ではなく,業務分野におけるITの活用可能性や技術動向を把握することが重要である。",
202521,ストラテジ,"基本的な機能やサービスは無償で提供し,追加の機能やサービスを有償で提供することで利益を上げるビジネスモデルを表す用語として,最も適切なものはどれか。",フリーウェア,フリーミアム,フリーライド,フリーランス,イ,"フリーミアムは,基本機能を無料で提供し,高度な機能や追加サービスを有料で提供して収益を得るビジネスモデルである。",
202522,ストラテジ,"営業部のAさんは,営業担当者10人の営業成績が一目で分かるように,各営業担当者が提出する営業見込みと実績を毎月集約してグラフ化したいと考えている。この問題を解決するために適用する技術やツールとして,最も適切なものはどれか。","データを学習し,分析するAI","データを自動収集し,データベースに蓄積するIoT","入力したデータを,加工して見せるオフィスツール","ビッグデータを,様々な手法で分析するデータサイエンス",ウ,"営業見込みや実績を集約してグラフ化し,分かりやすく可視化するのが目的であり,学習や高度分析は不要である。そのため,入力データを加工・集計して表示できる表計算ソフトなどのオフィスツールが最も適切である。",
202523,ストラテジ,"コーポレートガバナンスの強化に有効な施策だけを全て挙げたものはどれか。
a 株式公開買付けによる企業の買収
b 執行役員制度の導入による経営と執行の分離
c 独立性の高い社外取締役の選任","a,b","a,b,c","b,c",c,ウ,"コーポレートガバナンス強化には,経営の監督機能を高める施策が有効である。",
202524,ストラテジ,"RPAに関する記述として,最も適切なものはどれか。","企業の一部の業務を外部の組織に委託することによって,自社のリソースを重要な領域に集中したり,コストの最適化や業務の高効率化などを実現したりする。","組立てや搬送などにハードウェアのロボットを用いることによって,工場の生産活動の自動化を実現する。","システムの利用者が,主体的にシステム管理や運用を行うことによって利用者のITリテラシーの向上や,システムベンダーへの依存の軽減などを実現する。","ホワイトカラーの定型的な事務作業を,ソフトウェアのロボットに代替させることによって,自動化や効率化を図る。",エ,"RPA（Robotic Process Automation）は,定型的な事務作業をソフトウェアロボットにより自動化・効率化する技術である。",
202525,ストラテジ,"ブロックチェーンを適用した事例として,最も適切なものはどれか。","証券会社が,取引の改ざんや不整合の発生を防止することを目的として,従来の社債に代わり電子的手段を用いたデジタル社債を発行した。","商品先物取引所を運営する認可法人が,取引量を拡大することを目的として,現在およそ1秒以上要している注文受付の応答時間を,1秒未満に改善した。","ビジネス路線を中心に運航する航空会社が,顧客の利便性向上と競合他社に対する競争力強化を目的として,出発1時間前まで何回でも予約の変更を可能とする新しいサービスを開始した。","服飾雑貨製造会社が,自社の商品企画に活用することを目的として,過去の全ての自社商品に関する大量の画像及び社内会議の音声データをデータベースに保存し,従業員がいつでも検索できるようにした。",ア,"ブロックチェーンは,取引履歴を分散管理し,改ざん防止や整合性の確保に強みをもつ技術である。",
202527,ストラテジ,"業務と情報システムを最適にすることを目的として,業務と情報システムの現状の把握と目標とする理想像の設定から現状と理想との乖離を明確にし,目標に向けた改善活動を移行計画として定義したい。このときに用いられる手法として,最も適切なものはどれか。",BI(Business Intelligence),EA(Enterprise Architecture),MOT(Management of Technology),SOA(Service Oriented Architecture),イ,"EA（Enterprise Architecture）は,業務と情報システムの現状（As-Is）と理想像（To-Be）を整理・可視化し,その乖離を明確にして移行計画を策定する手法である。",
202528,ストラテジ,"生成AIに関する記述として,最も適切なものはどれか。","一切の学習を必要とせずに,新しいコンテンツを生成する。","過去のデータから項目間の相関などを学習したモデルを用いて,現在のデータから将来の値を予測して出力する。",作成したシナリオに基づいて動作するソフトウェアロボットによって業務を自動化する。,"自然言語で指示された内容に従って,事前に学習したデータを基に,新しいコンテンツを生成する。",エ,"生成AIは,事前に学習した大量のデータを基に,自然言語などの指示に従って文章・画像などの新しいコンテンツを生成する技術である。",
202529,ストラテジ,"企業経営の中核となる考え方を,ミッション,ビジョン,バリューの三つに分けて示す場合,ビジョンとして示すものとして,最も適切なものはどれか。",企業の存在意義や使命,"企業の存在意義や使命をふまえた,ある時点でのありたい姿",戦略を実現するために重要となる業績管理指標,戦略を実現するために重要となる成功要因,イ,"ビジョンは,ミッション（存在意義・使命）を踏まえて,将来のある時点で企業が目指すありたい姿を示すものである。",
202530,ストラテジ,"著作権に関して,次の記述中のa,bに入れる字句の適切な組合せはどれか。
aは著作権法による保護の対象になるが,bは対象にならない。",a アルゴリズム　b 操作マニュアル,a アルゴリズム　b 通信プロトコル,a ソースプログラム　b 操作マニュアル,a ソースプログラム　b 通信プロトコル,エ,"著作権法では,思想や感情を表現した創作物が保護対象となる。
ソースプログラムは具体的な表現であるため著作物として保護されるが,通信プロトコルは規約・手順といったアイデアやルールに当たり,保護対象外である。",
202531,ストラテジ,"ERPシステムの説明として,適切なものはどれか。","企業内の個人がもつ営業に関する知識やノウハウを収集し,共有することによって,効率的,効果的な営業活動を支援するシステム","経理や人事,生産,販売などの基幹業務と関連する情報を一元管理し,経営資源を最適配分することによって,効率的な経営の実現を支援するシステム","原材料の調達から生産,販売に関する情報を,企業間で共有・管理することによって,ビジネスプロセスの全体最適を目指すシステム","個々の顧客に関する情報や対応履歴などを管理することによって,きめ細かい顧客対応を実施し,顧客満足度の向上を支援するシステム",イ,"ERP（Enterprise Resource Planning）は,経理・人事・生産・販売などの基幹業務データを統合管理し,経営資源を最適に配分して経営効率を高めるシステムである。",
202532,ストラテジ,"公共交通機関での移動履歴,Webサイトでの商品検索履歴,SNSやブログで発信したデータなど,個人の活動を記録する技術,又は記録そのものを表す用語として,最も適切なものはどれか。",アクティビティ,トランザクション,ライフログ,レコードキーピング,ウ,"ライフログは,移動履歴,Web検索履歴,SNS投稿など,個人の活動を継続的に記録したデータやその技術を指す。",
202533,ストラテジ,"自動運転の水準は,一般的に“レベル1”から“レベル5”に分けられている。“条件付運転自動化”と呼ばれる“レベル3”が示す自動運転の水準に関する記述として,最も適切なものはどれか。","運転の主体はシステムであり,人間が運転する必要はないが,システムによる自動運転の継続が難しい場合は,人間が運転しなければならない。","運転の主体はシステムであり,人間が運転する必要はないので,ハンドルやペダルなどの運転装置は不要だが,自動運転できる地域は限られる。","運転の主体は人間であり,高速道路で車線を維持しながら前の自動車に付いて走る機能のように,ハンドルと加減速の操作をシステムが支援する。","運転の主体は人間であり,自動ブレーキや急発進防止システムのように,前方又は後方の状況によって,システムが運転の一部を支援する。",ア,"レベル3（条件付運転自動化）では,通常時の運転主体はシステムであり,人間は常時監視する必要はないが,システムが対応できなくなった場合には人間が引き継いで運転する必要がある。",
202534,ストラテジ,"ある商品を5,000個販売したところ,売上げが6,000万円,利益が400万円となった。商品1個当たりの変動費が7,000円であるとき,利益を1,000万円以上にするためには,少なくともあと何個販売すればよいか。",500,"1,200","6,200","7,500",イ,"まず,1個当たりの販売価格を求める。
6,000万円 ÷ 5,000個 ＝ 12,000円／個

限界利益（1個当たり）
12,000円 − 7,000円 ＝ 5,000円

現在の利益は400万円なので,
目標の1,000万円までに必要な追加利益は
1,000万円 − 400万円 ＝ 600万円

必要な追加販売数量
600万円 ÷ 5,000円 ＝ 1,200個",
202535,ストラテジ,"マーケティング戦略の策定プロセスのうち,自社製品の差別化ポイントを明確化するものはどれか。",セグメンテーション,ターゲティング,プロモーション,ポジショニング,エ,"ポジショニングは,競合製品と比較して自社製品の差別化ポイントや市場での位置付けを明確にするプロセスである。",
202536,マネジメント,"合意したサービス提供時間帯のうち,実際に顧客がITサービスを利用できた時間の割合で表されるものはどれか。",可用性,機能性,効率性,使用性,ア,"合意したサービス提供時間に対して,実際にサービスが利用可能だった時間の割合を表す指標は可用性（Availability）である。",
202537,マネジメント,"ITサービスマネジメントに関して,次の記述中のa,bに入れる字句の適切な組合せはどれか。
aはサービス提供者と顧客との間で合意されたサービス品質に関する合意書である。aの遵守状況を確認し,ITサービスの品質を維持・改善させるための活動がbである。",a NDA　b SCM,a NDA　b SLM,a SLA　b SCM,a SLA　b SLM,エ,"SLA（Service Level Agreement）は,サービス提供者と顧客との間で合意したサービス品質に関する取り決めである。
その遵守状況を確認し,品質を維持・改善する活動はSLM（Service Level Management）である。",
202538,マネジメント,"情報セキュリティ監査の説明として,最も適切なものはどれか。","一定の基準に基づいてITシステムの利活用に係る検証・評価を行い,ガバナンスの適切性などに対する保証や改善のための助言を行うもの","コンピュータの盗難や不正な持出しを物理的に防止し,情報セキュリティを確保するためのツール","組織体の価値及び組織体への信頼を向上させるために,組織体におけるITシステムの利活用のあるべき姿を示すIT戦略と方針の策定及びその実現のための活動",組織の情報資産に関わるリスクマネジメントが効果的に実施されているかどうかの検証又は評価,エ,"情報セキュリティ監査は,組織の情報資産に関するリスクマネジメントやセキュリティ対策が適切・効果的に実施されているかを,客観的に検証・評価する活動である。",
202539,マネジメント,"ソフトウェア開発モデルであるアジャイルモデルの特徴に関して,次の記述中のa,bに入れる字句の適切な組合せはどれか。
アジャイルモデルとは,要件を確定してから開発を実施するウォーターフォールモデルのaする形で提唱された,bできるようにソフトウェアを開発するための手法の総称である。",a 課題を改善　b 開発工程で生じる種々の変更に迅速に対応,a 課題を改善　b 開発工程を順に実施,a 特徴を継承　b 開発工程で生じる種々の変更に迅速に対応,a 特徴を継承　b 開発工程を順に実施,ア,"アジャイルモデルは,要件を最初に固定するウォーターフォールモデルの課題を改善する形で提唱され,開発中に生じる変更へ迅速に対応できることを重視した開発手法である。",
202540,マネジメント,"変更管理委員会が設置されているプロジェクトで変更要求が発生した場合の記述として,最も適切なものはどれか。","変更管理委員会では,プロジェクトに関わるステークホルダ以外の第三者によって変更要求が審議される。","変更管理委員会は,コストの増加や期日の延期を理由に変更要求を却下してよい。","変更管理委員会は,スコープに変更が発生しない範囲で変更要求を受け付けなければならない。","変更要求は,全てプロジェクトマネージャが承認した後に変更管理委員会で審議される。",イ,"変更管理委員会（CCB）は,変更がコスト・納期・品質・スコープに与える影響を評価し,承認または却下を判断する組織である。そのため,コスト増加や期日延期などの影響を理由に変更要求を却下することは適切である。",
202541,マネジメント,"システム開発プロジェクトで使用される技法のうち,スケジュール作成に用いる技法として,適切なものだけを全て挙げたものはどれか。
a DFD(Data Flow Diagram)
b 回帰分析
c クリティカルパス法
d プレシデンスダイアグラム法","a,b","a,d","b,c","c,d",エ,"スケジュール作成に用いる技法は,作業の依存関係や所要期間から工程計画を立てる手法である。
a：DFDは業務・データの流れを表す図である。
b：回帰分析は統計的分析手法で,スケジュール作成には直接用いない。
c：クリティカルパス法…プロジェクト全体の最短期間や重要工程を求める。
d：プレシデンスダイアグラム法…作業の前後関係を図で表し,工程を計画する。",
202542,マネジメント,"床下にネットワーク配線などのために一定の高さの空間をとり,容易に取り外しが可能なパネルを床板として並べたものはどれか。",フリーアクセスフロア,フリーアドレス,フリースペース,フリースポット,ア,"床下に配線などのための空間を確保し,取り外し可能なパネルを床として敷設する構造はフリーアクセスフロアと呼ばれる。",
202543,マネジメント,"営業部門の営業員が出張する際の出張旅費の手続に関して,組織間でけん制を日常的に実施している状況の記述として,最も適切なものはどれか。","営業員が出張後に経理部門に提出した旅費精算の書類と証票類について,経理担当者が適切な内容であることを審査し,経理課長が承認する。","営業員が出張後に旅費の精算を行い,上長が承認を行う。経理部門では承認済みであるので支払を行う。","営業員は出張の事前申請を行って上長の承認を得た後に,切符や宿泊施設の手配を旅行会社に依頼する。","会計年度における営業部門の旅費精算の書類と証票類から,監査人がサンプリングして,営業員の処理内容の適切性を確認する。",ア,"組織間でのけん制とは,異なる部門が相互にチェックすることで不正や誤りを防ぐことである。
「ア」は,営業部門が提出した旅費精算を経理部門が審査し,さらに経理課長が承認するという形で,部門間のけん制が日常的に機能している。",
202544,マネジメント,"システム開発の早い段階で,目に見える形で利用者の要求が確認できるように確認用のソフトウェアを作成するソフトウェア開発モデルとして,最も適切なものはどれか。",アジャイル,ウォーターフォール,スパイラル,プロトタイピング,エ,"プロトタイピングモデルは,開発の早い段階で確認用の試作ソフトウェア（プロトタイプ）を作成し,利用者の要求を目に見える形で確認・調整することを目的とした開発モデルである。",
202546,マネジメント,"開発が完了したソフトウェアを本番環境にインストールする手順を明確にし,それを実施する工程として,適切なものはどれか。",ソフトウェア統合,ソフトウェア導入,妥当性確認,利用者教育,イ,"開発完了後のソフトウェアを本番環境へインストールし,その手順を定めて実施する工程はソフトウェア導入である。",
202547,マネジメント,"利用者が銀行のATMのパネルを操作して入金処理を行う。この操作の要件を定義するときに,ソフトウェア開発の品質特性である使用性を考慮すべきインタフェースとして,最も適切なものはどれか。",OSとパネルのインタフェース,ソフトウェア間のインタフェース,ハードウェアとOSのインタフェース,利用者とパネルのインタフェース,エ,"使用性（ユーザビリティ）は,利用者がどれだけ容易に操作できるかに関わる品質特性である。",
202548,マネジメント,"顧客から委託されたシステム開発プロジェクトのスコープの対象として,適切な
ものだけを全て挙げたものはどれか。
a プロジェクトで作成する成果物
b プロジェクトで使用する市販のスケジュール管理ツール
c プロジェクトの要求事項を顧客が記載した文書",a,"a,b","b,c",c,ア,"プロジェクトのスコープとは,プロジェクトで実施する作業内容や作成する成果物の範囲を指す。",
202549,マネジメント,"クラウドサービスを提供するA社では,操作に関する質問に対して,サービスデスクのオペレーターが電話で対応するだけでなく,ホームページ上にFAQを公開している。サービスデスクの受付時間は午前9時から午後6時までである。このたびサービスデスクのサービスレベルを向上させるために,顧客向けのチャットボットを導入することにした。チャットボット導入の効果として,最も適切なものはどれか。",オペレーターのチャットのスキルが向上する。,オペレーターの電話対応のスキルが向上する。,問合せの受付時間を拡大することが可能になる。,ホームページ上に掲載しているFAQの内容が充実する。,ウ,"チャットボットは自動応答が可能なため,オペレーターの受付時間外でも問合せ対応ができる。その結果,問合せの受付時間を実質的に拡大できることが導入効果として最も適切である。",
202550,マネジメント,"チャットボットの説明として,最も適切なものはどれか。","質問に対して,ソフトウェアがリアルタイムで自動応答する仕組み","センサーを搭載した機器や制御装置が直接インターネットにつながり,お互いに情報をやり取りする仕組み",人間に代わって荷物を運ぶなどの作業を行う機械的な仕組み,ルール化された定型的な操作を人間の代わりにソフトウェアが自動で行う仕組み,ア,"チャットボットは,利用者からの質問や問い合わせに対して,ソフトウェアがリアルタイムで自動応答する仕組みである。",
202551,マネジメント,"社内で開発及び運用を行っている経理システムの内部監査を実施するとき,システム監査人として,最も適切なものはどれか。",経理システムの運用担当者,経理システムの開発を担当した委託会社の従業員,経理システムの利用者である経理担当者,経理とITの知識を有する経営者直轄組織の従業員,エ,"内部監査のシステム監査人は,対象システムから独立した立場で,かつ業務（経理）とITの両方の知識を備えている必要がある。",
202552,マネジメント,"A社は会計システムの再構築のプロジェクトを立ち上げ,システム開発をB社に外部委託している。B社から納品される成果物の検収において,プロジェクトの品質管理に係る手続を遵守しているかどうかのシステム監査を行う監査人として,適切な者は誰か。",会計システムの再構築に関与しないA社の管理部門のリーダー,会計システムの再構築を担当するA社のプロジェクトマネージャ,会計システムの再構築を担当するB社のシステム開発リーダー,会計システムの再構築を担当するB社の品質管理責任者,ア,"システム監査では,監査対象からの独立性が最も重要である。
「ア」は,A社側であり,かつ当該プロジェクトに直接関与していないため,客観的・独立した立場で品質管理手続の遵守状況を監査できる。一方,「イ」は当事者,「ウ」・「エ」は受託側で利害関係があるため不適切。",
202553,マネジメント,"内部統制の基本的要素の一つである""ITへの対応”に関する記述として,最も適切なものはどれか。","ITを活用すると業務処理を迅速化でき,不注意によるミスを全て防止できる。","既存のITの利用者の拡大や,使い方の変更などで組織目標を達成できるのであれば,新たなITシステムの導入やITシステムの更新を強いるものではない。","全ての業務プロセスをITで自動化することによって,業務プロセスを大幅に修正することが容易になる。","組織の業務がITに大きく依存すると,内部統制の目的を達成することが難しくなる。",イ,"内部統制における「ITへの対応」とは,組織目標の達成に必要な範囲でITを適切に活用・統制する考え方であり,必ずしも新規システム導入や更新を前提とするものではない。",
202555,マネジメント,"システム開発プロジェクトの開始に当たり,人的資源に関する計画書を作成することにした。この計画において,要員を適切に配置し,より良いパフォーマンスを得るために考慮すべき事項として,適切なものだけを全て挙げたものはどれか。
a プロジェクトに必要なスキルが要員に不足している場合は,トレーニングを計
画する。
b プロジェクトに必要なスキルよりも,要員の確保を常に優先するように計画する。
c 要員をフレキシブルに配置するために,要員の役割と責任は,プロジェクトの計画段階では明確にせず,プロジェクトの開始後に定める。",a,"a,b,c","a,c",c,ア,"人的資源計画では,必要なスキルを満たす体制をどう確保するかが重要である。",
202556,テクノロジ,"Bluetoothに追加された仕様の一つであり,省電力性に優れているので,IoTシステムを長期間運用でき,送受信デバイス間の距離を知ることにも使われているものはどれか。",BLE,IrDA,NFC,PLC,ア,"BLE（Bluetooth Low Energy）は,Bluetoothの省電力版で,長期間稼働するIoTデバイスや,送受信間の距離測定（ビーコンなど）に利用される。",
202557,テクノロジ,"HTTPプロキシサーバの機能に関する記述として,適切なものはどれか。","IPアドレス割当て要求をPCから受け付けて,割り当てるグローバルIPアドレスを返す。","PCから,インターネット上のWebサーバへの接続要求を中継役として受けて,PCに代わって当該のWebサーバに接続し,送受信データを中継する。","WebサーバのURLに対応するIPアドレスを求める要求をPCから受け付けて,そのIPアドレスを返す。","Webサーバのコンテンツが検索結果の上位に表示されるように,そのWebサーバが管理するコンテンツを書き換える。",イ,"HTTPプロキシサーバは,クライアントの代わりにWebサーバへ接続し,送受信データを中継する役割を持つ。",
202558,テクノロジ,"DNSの説明として,適切なものはどれか。","IPネットワークに接続しようとするコンピュータに,IPアドレスなどを自動的に割り当てるプロトコルである。","ブラウザとWebサーバ間の通信を暗号化して,セキュリティを高めるために利用されるプロトコルである。","ホスト名やドメイン名と,IPアドレスを対応付ける仕組みである。","ホスト名やドメイン名と,MACアドレスを対応付ける仕組みである。",ウ,"DNS（Domain Name System）は,ホスト名やドメイン名とIPアドレスを対応付ける仕組みである。",
202559,テクノロジ,"ISMSにおける内部監査に関する記述のうち,適切なものはどれか。","JISQ27001の要求事項及び組織自体が規定した要求事項によって定める監査基準への適合性だけでなく,ISMS活動の組織に対する有効性も判定する。","JISQ27001の要求事項ではなく,組織自体が規定した要求事項を監査基準とする。","内部監査の実施のためのプログラムを確立するときには,前回の内部監査の結果は考慮しない。",不定期かつ抜き打ちでの実施を原則とする。,ア,"ISMS（情報セキュリティマネジメントシステム）の内部監査では,JIS Q 27001の要求事項及び組織が定めた要求事項への適合性とISMS活動の有効性（目的達成への貢献度）を確認する。",
202560,テクノロジ,"TCP/IPネットワークで用いられるプロトコルであるFTPの役割として,適切なものはどれか。",正確な現在時刻を取得する。,電子メールを転送する。,ネットワーク接続に必要なIPアドレスなどの情報を自動的に割り当てる。,ファイルをPC間で転送する。,エ,"FTP（File Transfer Protocol）は,ネットワーク上でファイルをPC間で転送するためのプロトコルである。",
202561,テクノロジ,"DBMSのトランザクションに関する記述として,適切なものはどれか。","あるデータベースの内容を他のデータベースに複製し,内容の同期をとる。","データベースに対して行った操作を,順次記録する。","データベースに対する一連の処理が全て成功したら変更結果を確定し,途中で失敗したら処理前の状態に戻す。","データベースの表の索引を作成し,検索時には索引を使用する。",ウ,"トランザクションとは,データベースに対する一連の処理をまとめて扱う単位であり,全ての処理が成功した場合に変更を確定（コミット）と途中で失敗した場合は処理前の状態に戻す（ロールバック）特徴がある。",
202562,テクノロジ,"OSの仮想記憶方式に関する次の記述中のa〜cに入れる字句の適切な組合せはどれか。
プログラムの実行時に,コンピュータのa装置のbな容量に制約されない,cなアドレス空間を提供する。",a 主記憶　b 物理的　c 論理的,a 主記憶　b 論理的　c 物理的,a 補助記憶　b 物理的　c 論理的,a 補助記憶　b 論理的　c 物理的,ア,"仮想記憶方式では,プログラムは物理メモリの容量に制約されないように,論理的なアドレス空間を利用できる。物理メモリと補助記憶の組み合わせにより実現される。",
202563,テクノロジ,"データの尺度を名義尺度,順序尺度,間隔尺度,比例尺度の四つに分類したとき,間隔尺度に該当するものはどれか。",学年,血液型,時刻,睡眠時間,ウ,"間隔尺度は,数値間の差（間隔）が意味を持つ尺度である。",
202564,テクノロジ,"WebサイトなどでRSSの表記を見かけることがある。このRSSの説明として,適切なものはどれか。",Webページの統一的なデザインやレイアウトを定義するための規格,"Webページの見出しやリンク,要約などを記述するフォーマット","ネットワーク上にブックマークを登録することによって,利用価値の高いWebサイト情報を他の利用者と共有するサービス","ブラウザとWebサーバ間で,データを暗号化して安全に送受信するためのプロトコル",イ,"RSS（Really Simple Syndication）は,Webページの見出しやリンク,要約などの情報をまとめたフォーマットで,更新情報を効率よく配信するために使われる。",
202565,テクノロジ,"DBMSにおいて,データの検索を高速に行う目的で,必要に応じて設定して利用する情報はどれか。",インデックス,外部キー,主キー,スキーマ,ア,"インデックスは,データベース内の検索を高速化するために作成されるデータ構造。
主キー：一意のレコード識別
外部キー：テーブル間の関係を示す
スキーマ：データベース構造の定義",
202567,テクノロジ,"3次元画像処理の高速化や,動画をなめらかにするなどの機能をもつ,描画処理のためのハードウェアはどれか。",CGI,GPU,GUI,UPS,イ,"GPU（Graphics Processing Unit）は,3D画像処理や動画描画を高速化する専用のハードウェア。",
202568,テクノロジ,"CSIRTとして行う活動の例として,最も適切なものはどれか。",OSやアプリケーションソフトウェアのセキュリティパッチを定期的に適用する。,"地震や洪水などの自然災害を想定し,情報資産を守るために全社的な事業継続計画を策定する。","セキュリティ事故の発生時に影響範囲を調査して,被害拡大を防止するための対策実施を支援する。","保守業者がサーバ室で作業した日に,作業員の入退出が適切に記録されていたことを監査する。",ウ,"CSIRT（Computer Security Incident Response Team）は,セキュリティインシデントへの対応を主な役割とする組織。",
202569,テクノロジ,"バイオメトリクス認証の他人受入率と本人拒否率に関する次の記述中のa,bに入れる字句の適切な組合せはどれか。
バイオメトリクス認証の認証精度において,他人受入率を低く抑えようとするとaが高くなり,本人拒否率を低く抑えようとするとbが高くなる。",a 安全性　b 可用性,a 安全性　b 利便性,a 利便性　b 安全性,a 利便性　b 可用性,イ,"バイオメトリクス認証では：
他人受入率を低く抑える＝不正者の侵入を防ぐ＝安全性が高くなる
本人拒否率を低く抑える＝正当ユーザが拒否されにくい＝利便性が高くなる",
202570,テクノロジ,"情報セキュリティにおける脅威のうち,脆弱性を是正するセキュリティパッチをソフトウェアに適用することが最も有効な対策になるものはどれか。",総当たり攻撃,ソーシャルエンジニアリング,パスワードリスト攻撃,バッファオーバーフロー,エ,"バッファオーバーフローは,ソフトウェアの脆弱性を突いて不正操作や攻撃を行う手法である。脆弱性を修正するセキュリティパッチの適用が直接的かつ有効な対策になる。",
202571,テクノロジ,"携帯電話で用いられる電波に関する次の記述中のa,bに入れる字句の適切な組合せはどれか。
電波には,周波数がaほど回り込みやすくなり障害物の裏にも届きやすいという性質がある。日本国内の携帯電話で使用される周波数のうち,700b帯~900b帯の周波数帯域はこの性質をもちつながりやすいことなどから,プラチナバンドと呼ばれている。",a 高い　b GHz,a 高い　b MHｚ,a 低い　b GＨｚ,a 低い　b MHｚ,エ,"電波の性質として,周波数が低いほど回り込みやすく障害物の裏にも届きやすい。
日本の携帯電話でいう「プラチナバンド」は,700MHz～900MHzの低周波数帯域を指す。",
202572,テクノロジ,"見る人に意図が伝わりやすいデザインにするための四つの原則に関する次の記述中のa,bに入れる字句の適切な組合せはどれか。
[四つの原則]
　近接：互いに関連する要素は近づけてグループにする。
a：要素を意図したルールに基づき配置する。
反復：要素ごとにデザインルールを繰り返す。
b：要素ごとの大小や強弱などの違いを明確にする。",a 整列　b 価値,a 整列　b 対比,a 操作　b 価値,a 操作　b 対比,イ,"デザインの四つの原則は近接(Proximity),整列(Alignment),反復(Repetition),対比(Contrast)。",
202573,テクノロジ,"Webサービスを狙った攻撃に関する記述と攻撃の名称の適切な組合せはどれか。
a Webサービスが利用しているソフトウェアに脆弱性の存在が判明したとき,その修正プログラムが提供される前に,この脆弱性を突いて攻撃する。
b 複数のコンピュータから大量のパケットを一斉に送り付けることによって,Webサービスを正常に提供できなくさせる。
c 理論的にあり得るパスワードのパターンを順次試すことによって,正しいパスワードを見つけ,攻撃対象のWebサービスに侵入する。",a DDoS攻撃　b ゼロデイ攻撃　c ブルートフォース攻撃,a DDoS攻撃　b ブルートフォース攻撃　c ゼロデイ攻撃,a ゼロデイ攻撃　b DDoS攻撃　c ブルートフォース攻撃,a ゼロデイ攻撃　b ブルートフォース攻撃　c DDoS攻撃,ウ,"a：「修正プログラムが提供される前に脆弱性を突く攻撃」 → ゼロデイ攻撃
b：「複数のコンピュータから大量のパケットを送りサービスを停止させる」 → DDoS攻撃
c：「理論的なパスワードを順次試す攻撃」 → ブルートフォース攻撃",
202574,テクノロジ,"デジタルフォレンジックスの説明として,適切なものはどれか。","コンピュータに関する犯罪や法的紛争が生じた際に,コンピュータから削除された電子メールを復元するなどして,証拠を収集し保全すること",システムを実際に攻撃して脆弱性の有無を調べること,"通信経路を暗号化するなどして,公衆回線をあたかも専用回線であるかのように利用すること",電子メールやファイルなどのハッシュデータを本人の秘密鍵で暗号化すること,ア,"デジタルフォレンジックスとは,コンピュータやデジタル機器に関する犯罪や法的紛争の際に,電子データの証拠を収集・保全・解析する技術・手法のことである。",
202575,テクノロジ,"次の記憶媒体のうち,記憶素子として半導体メモリを用いているものだけを全て挙げたものはどれか。
a CD-ROM 
b DVD-RAM
c RAM
d SSD
e USBメモリ
","a,b,c","a,b,e","c,d,e","c,e",ウ,"半導体メモリを記憶素子として用いるものは,不揮発性／揮発性に関わらず半導体チップにデータを保存するものである。
a CD-ROM：光ディスク → 光学式メディア → 半導体ではない
b DVD-RAM：光ディスク → 半導体ではない
c RAM：揮発性半導体メモリ → 半導体
d SSD：不揮発性フラッシュメモリ → 半導体
e USBメモリ：フラッシュメモリ → 半導体",
202577,テクノロジ,"ネットワークやホストを監視することによって,不正アクセスや不審な通信を発見し,報告する仕組みはどれか。",DMZ,IDS,アンチパスバック,ボット,イ,IDS（Intrusion Detection System）はネットワークやホストを監視し，不正アクセスや不審な通信を検知・報告する仕組みである。,
202578,テクノロジ,"手続calcMod3を呼び出したときの出力はどれか。
[プログラム]
〇calcMod3()
　整数型: totalValue, i
　totalValue ← 0
　for ( i を1から7まで1ずつ増やす)
　  if (i ÷3の余りが0と等しい)
　    totalValue ← totalValue + i
　  endif
　endfor
　totalValueを出力する",2,3,7,9,エ,"プログラムの内容：
totalValue ← 0
i を 1 から 7 まで 1 ずつ増やす
i ÷ 3 の余り = 0 のとき,totalValue ← totalValue + i
ループ後,totalValue を出力
ループの計算：
i = 1 → 1 ÷ 3 の余り = 1 → 加算しない
i = 2 → 2 ÷ 3 の余り = 2 → 加算しない
i = 3 → 3 ÷ 3 の余り = 0 → totalValue = 0 + 3 = 3
i = 4 → 4 ÷ 3 の余り = 1 → 加算しない
i = 5 → 5 ÷ 3 の余り = 2 → 加算しない
i = 6 → 6 ÷ 3 の余り = 0 → totalValue = 3 + 6 = 9
i = 7 → 7 ÷ 3 の余り = 1 → 加算しない",
202579,テクノロジ,"サムネイルの説明として,適切なものはどれか。",画像や文書ファイルの内容を縮小して表示したもの,処理の内容や対象が分かる小さな絵や記号のこと,ネット上で利用者の分身として動作するキャラクターのこと,複数のファイルを一つのファイルにまとめたもの,ア,"サムネイルとは,画像や文書ファイルの内容を縮小して表示したものである。",
202580,テクノロジ,"AIにおいて,広範囲かつ大量のデータで訓練されたものであり,ファインチューニングなどによって文章生成AIのような様々な用途に適応できる特徴をもつものを何というか。",アノテーション,エキスパートシステム,基盤モデル,畳み込みニューラルネットワーク,ウ,"広範囲かつ大量のデータで訓練され,ファインチューニングなどによって文章生成AIや他の用途に応用できるAIモデルは基盤モデル（Foundation Model）と呼ばれる。",
202581,テクノロジ,"イメージスキャナーで読み取った紙の書類の画像から,印刷文字や手書きの文字を読み取り,テキストデータに変換する技術を何と呼ぶか。",CCD,DVI,GPU,OCR,エ,"OCR（Optical Character Recognition,光学文字認識）は,紙の書類の画像から印刷文字や手書き文字を認識してテキストデータに変換する技術である。",
202582,テクノロジ,"あるコンピュータのデータベースの内容を他のコンピュータのデータベースに複製して,両者の内容が一致するように同期させるDBMSの機能はどれか。",アーカイブ,バックアップ,レプリケーション,ロールバック,ウ,"あるデータベースの内容を別のデータベースに複製し,両者の内容を一致させるように同期するDBMSの機能は レプリケーションである。",
202583,テクノロジ,"ISMSの運用にPDCAモデルを採用している組織において,サーバ監視に関する次の作業を実施する。各作業とPDCAモデルの各フェーズの組合せとして,適切なものはどれか。
[作業］
(1)サーバ監視の具体的な目的及び手順を定める。
(2)サーバ監視の作業内容を第三者が客観的に評価する。
(3)定められている手順に従ってサーバを監視する。
(4)発見された問題点の是正処置として,サーバの監視方法を変更する。",P (1)　D (2)　C (3)　A (4),P (1)　D (2)　C (3)　A (4),P (1)　D (3)　C (2)　A (4),P (1)　D (3)　C (4)　A (2),ウ,"Plan (計画)：監視の目的や手順を定める → (1)
Do (実行)：定められた手順に従ってサーバを監視する → (3)
Check (評価)：作業内容を第三者が客観的に評価する → (2)
Act (改善)：発見された問題点を踏まえ,監視方法を変更する → (4)",
202584,テクノロジ,"ISMSにおける情報セキュリティ方針に関する記述として,適切なものはどれか。","機密事項が記載されているので,伝達する範囲を社内に限定する必要がある。","情報セキュリティ対策は一度実施したら終わりではないので,ISMSを継続的に改善するコミットメントを含める必要がある。","部門の特性に応じて最適化するので,ISMSを適用する組織全体ではなく,部門ごとに定める必要がある。","ボトムアップを前提としているので,各職場の管理者によって承認される必要がある。",イ,"ISMSにおける情報セキュリティ方針は,組織全体で情報セキュリティを適切に管理するための基本方針であり,継続的な改善（PDCAサイクル）を行うコミットメントを含める必要がある。",
202586,テクノロジ,"動物が写っている大量の画像から犬や猫などの特徴を自動的に抽出して,動物の種類を識別できるようにするAIの技術はどれか。",e-ラーニング,アクティブラーニング,アダプティブラーニング,ディープラーニング,エ,これは大量の画像データから特徴を自動的に抽出して識別する問題である。特徴抽出と分類を自動で行う技術はディープラーニングが代表的である。,
202587,テクノロジ,"PKIにおいて,ある条件に当てはまるデジタル証明書の情報が公開されているリストとしてCRLがある。このリストに掲載される条件として,適切なものはどれか。",有効期間が満了している。,有効期間が無期限である。,有効期間内に失効している。,有効期間を延長している。,ウ,"CRL（Certificate Revocation List）は,有効期間内に失効したデジタル証明書の一覧を公開するリストである。",
202588,テクノロジ,"情報セキュリティ対策を,“技術的セキュリティ対策”,“人的セキュリティ対策”及び“物理的セキュリティ対策”に分類したとき,“物理的セキュリティ対策”の例として,適切なものはどれか。","業務に関係のない掲示板やSNSなどへの従業員による書込み,閲覧を防止するために,Webサーバへのアクセスログを取得し,必要に応じて通信を遮断する。","サーバ室,執務室などの場所ごとにセキュリティレベルを設定し,従業員ごとのアクセス権が付与されたICカードで入退室管理を行う。","従業員の採用時には,守秘義務に関する契約書を取り交わし,在籍中は機密情報の取扱いに関する教育,啓発を実施する。","退職者が,在籍中のアカウントを用いた不正アクセスを行わないように,従業員の退職時にアカウントを削除する。",イ,"物理的セキュリティ対策とは,情報資産を保管・利用する場所や設備に対する安全確保の対策である。",
202589,テクノロジ,"Aさんは,Bさんから次の4種類のメッセージを受け取った。Aさんが,受け取った
メッセージを復号して読むことができるものだけを全て挙げたものはどれか。
a AさんとBさんとの共通鍵で暗号化したメッセージ
b Aさんの公開鍵で暗号化したメッセージ
c Bさんの公開鍵で暗号化したメッセージ
d Bさんの秘密鍵で暗号化したメッセージ","a,b,d","a,c,d","b,d","c,d",ア,"共通鍵暗号：送信者と受信者が同じ鍵で暗号化・復号する。
公開鍵暗号：
受信者の公開鍵で暗号化したメッセージ → 受信者の秘密鍵で復号可能
送信者の秘密鍵で暗号化したメッセージ → 送信者の公開鍵で復号可能（署名の検証に利用）",
202590,テクノロジ,"無線LANのセキュリティ対策に関する記述として,適切なものはどれか。","APIは,複数のアクセスポイントをグループ化して管理するIDである。","SSHは,アクセスポイントをステルス化することで無線LANネットワークを隠蔽する機能である。","VPNは,アクセスポイントに登録したMACアドレスをもつ機器以外からの接続を拒否する機能である。","WPA2は,WEPよりも高い信頼性をもつ,無線通信の暗号化技術である。",エ,"WEP：古い暗号化方式で安全性が低い
WPA/WPA2：WEPよりも強力な暗号化方式で,無線通信のセキュリティを高める
MACアドレスフィルタリング：指定したMACアドレスのみ接続を許可する
VPN：通信を暗号化して安全にネットワークを利用する
SSH：リモート接続の暗号化に使われる（無線LAN固有ではない）",
202591,テクノロジ,"情報セキュリティのリスクマネジメントにおけるリスク対応を,リスク移転,リスク回避,リスク低減及びリスク保有の四つに分けて実施することにしたとき,これらに関する記述として,適切なものはどれか。","リスク対応の実施手順であり,リスク回避,リスク移転,リスク低減,リスク保有の順番で進める。","リスク対応の実施手順であり,リスク保有,リスク低減,リスク移転,リスク回避の順番で進める。","リスク対応の選択肢であり,管理対象としたリスクの顕在化に備えて保険を掛けておくことは,リスク回避に該当する。","リスク対応の選択肢であり,ノートPCの紛失や盗難に備えて社外への持出しを
より厳重に管理することは,リスク低減に該当する。",エ,"リスク回避：リスクの原因となる行為や状況を避ける（例：危険な業務を中止する）
リスク移転：リスクの影響を第三者に移す（例：保険に加入する）
リスク低減：リスクが顕在化する可能性や影響を減らす（例：社外へのノートPC持出しの管理強化）
リスク保有：リスクを受容して,顕在化した場合に対応する",
202592,テクノロジ,"従業員が使用するPCがランサムウェアに感染した場合の損害を軽減する対策例として,適切なものはどれか。","PCが接続するファイルサーバのHDDのバックアップデータを定期的に取得し,ネットワークから切り離して保管する。",PCに多要素認証の仕組みを導入する。,PCのHDDを暗号化する。,"PCへのログイン時に,パスワードを複数回間違えたら,当該IDをロックする。",ア,"ランサムウェアは,感染したPC内のデータやネットワーク上のファイルを暗号化してアクセス不能にするマルウェアである。
損害を軽減するためには 暗号化されたデータを復元できるバックアップを用意すること が有効である。",
202593,テクノロジ,"情報セキュリティにおける脅威の説明として,適切なものはどれか。",攻撃者が付け込むことのできる情報システムの弱点,情報資産が被害に遭う確率と被害規模の組合せ,情報資産に損害を与える原因となるもの,情報システムの弱点を利用した攻撃によって被害を受ける可能性,ウ,"情報セキュリティにおける脅威（Threat）は,情報資産に損害を与える可能性や原因となるものを指す。",
202595,テクノロジ,"データベース設計におけるデータ分析で行うこととして,適切なものはどれか。",データウェアハウスから業務ごとに必要な情報を抽出する。,"データ項目の内容が,指定された条件を満足する行だけを抽出する。","必要なデータ項目を洗い出し,項目間の関連を整理する。","膨大な情報から統計的手法などを用いて,ビジネスに活用できる情報を探索する。",ウ,"データベース設計におけるデータ分析は,業務で扱うデータの構造を理解し,必要なデータ項目を洗い出し,項目間の関連性を整理する作業を指す。",
202596,テクノロジ,"OSS(Open Source Software)に関する次の記述のうち,適切なものだけを全て挙げたものはどれか。
a 個人だけではなく,企業や団体が開発したソフトウェアもある。
b 著作権が放棄されている。
c 入手したソフトウェアは,自由に再配布してもよい。","a,b","a,b,c","a,c","b,c",ウ,"OSS（Open Source Software）の特徴を整理すると以下の通りです。
a：正しい。OSSは個人だけでなく,企業や団体が開発したものもある。
b：誤り。OSSも著作権は保持されており,ライセンスに基づき利用や改変が認められる。著作権が放棄されているわけではない。
c：正しい。ライセンスに従えば自由に再配布できることが多い。",
202597,テクノロジ,"情報セキュリティにおいて,可用性が損なわれた事象だけを全て挙げたものはどれか。
a 関連取引先との電子決済システムがDoS攻撃を受け,処理ができなくなった。
b 顧客情報管理システムの顧客情報が誤った内容のまま運用されていた。
c 社内のサーバに不正侵入されて,社外秘の情報が漏えいした。",a,"a,b","b,c",c,ア,"可用性（Availability）は,情報やシステムが必要なときに利用可能であることを指す。",
202598,テクノロジ,"4個の要素から成るデータの並びを,次の手順を繰り返して昇順に整列するとき,整列が終了するまでに(1)から(3)の一連の手順は,何回実行されるか。ここで,最初はデータの並び全体を整列対象とする。
データの並び：[27,42,33,12]
[手順]
(1) 整列対象中の要素の最大の値を選び,最後の要素と入れ替える。
(2) 最後の要素を整列対象から外す。
(3) 整列対象に要素が1個以上残っていれば,(1)から(3)の一連の手順を実行する。残っていなければ,整列完了なので終了する。",2,3,4,5,ウ,"この手順は選択ソート（Selection Sort）のアルゴリズムである。
整列対象は最初に4個の要素 [27, 42, 33, 12]。
手順の回数は,残りの整列対象の要素数が1以上の間繰り返される。
各回の処理：
1回目：4個の中で最大値 42 を最後の位置と交換 → 整列対象は [27, 12, 33]（最後の 42 は固定）
2回目：3個の中で最大値 33 を最後の位置と交換 → 整列対象は [27, 12]
3回目：2個の中で最大値 27 を最後の位置と交換 → 整列対象は [12]
4回目：残り1個 → 手順を終了",
